attributo,id,commento_raw,caption,nuova_caption
Sapore,3,Ottimo equilibrio tra le diverse note,"Il sapore del Grana Trentino DOP si presenta equilibrato, con una dolcezza delicata e una sapidità marcata, accompagnata da una leggera piccantezza che persiste piacevolmente in bocca.",Il sapore presenta un ottimo equilibrio tra le diverse note gustative.
Sapore,7,Tendenza dolce prevalente,"Il sapore del Grana Trentino DOP si presenta equilibrato, con una dolcezza delicata e una sapidità marcata, accompagnata da una leggera piccantezza che persiste piacevolmente in bocca.",Il sapore presenta una tendenza dolce prevalente rispetto alle altre componenti gustative.
Sapore,22,Piccante fortissimo e persistente,"Il sapore del Grana Trentino DOP si presenta equilibrato, con una dolcezza delicata e una sapidità marcata, accompagnata da una leggera piccantezza che persiste piacevolmente in bocca.",Il sapore presenta una piccantezza fortissima e persistente nel finale.
Sapore,23,Un Po troppo piccante,"Il sapore del Grana Trentino DOP si presenta equilibrato, con una dolcezza delicata e una sapidità marcata, accompagnata da una piccantezza che risulta eccessiva.",Il sapore risulta leggermente eccessivo nella componente piccante.
Sapore,69,Buona armonia ma piccante percepibile,"Il sapore del Grana Trentino DOP si presenta equilibrato, con una dolcezza delicata e una sapidità marcata, accompagnata da una leggera piccantezza che persiste piacevolmente in bocca.","Il sapore mostra una buona armonia complessiva, con una piccantezza percepibile."
Sapore,83,Poco salato. Forse anche un po'  di dolce,"Il sapore del Grana Trentino DOP si presenta equilibrato, con una dolcezza delicata e una sapidità marcata, accompagnata da una leggera piccantezza che persiste piacevolmente in bocca.","Il sapore si presenta poco salato, con una possibile nota dolce di lieve entità."
Sapore,84,Solo leggermente piccante,"Il sapore del Grana Trentino DOP si presenta equilibrato, con una dolcezza delicata e una sapidità marcata, accompagnata da una leggera piccantezza che persiste piacevolmente in bocca.",Il sapore risulta solo leggermente piccante.
Sapore,86,Leggermente  sapido ..,"Il sapore del Grana Trentino DOP si presenta equilibrato, con una dolcezza delicata e una sapidità marcata, accompagnata da una leggera piccantezza che persiste piacevolmente in bocca.",Il sapore si presenta leggermente sapido.
Sapore,87,"Salato molto forte, acre arriva dopo un Po ma permane","Il sapore del Grana Trentino DOP si presenta equilibrato, con una dolcezza delicata e una sapidità marcata, accompagnata da una leggera piccantezza che persiste piacevolmente in bocca.","Il sapore è molto salato, con una nota acre che emerge in ritardo ma permane persistente."
Sapore,88,Piccante percettibile,"Il sapore del Grana Trentino DOP si presenta equilibrato, con una dolcezza delicata e una sapidità marcata, accompagnata da una leggera piccantezza che persiste piacevolmente in bocca.",Il sapore presenta una piccantezza percettibile.
Sapore,91,Deciso ed equilibrato,"Il sapore del Grana Trentino DOP si presenta equilibrato, con una dolcezza delicata e una sapidità marcata, accompagnata da una leggera piccantezza che persiste piacevolmente in bocca.",Il sapore si presenta deciso ed equilibrato nelle sue componenti.
Sapore,93,Delicato ma equilibrato,"Il sapore del Grana Trentino DOP si presenta equilibrato, con una dolcezza delicata e una sapidità marcata, accompagnata da una leggera piccantezza che persiste piacevolmente in bocca.",Il sapore risulta delicato ma ben equilibrato nelle sue componenti.
Sapore,100,Equilibrato con piccante leggerissimo,"Il sapore del Grana Trentino DOP si presenta equilibrato, con una dolcezza delicata e una sapidità marcata, accompagnata da una leggera piccantezza che persiste piacevolmente in bocca.","Il sapore è equilibrato, con una piccantezza leggerissima."
Sapore,101,Leggermente  sapido,"Il sapore del Grana Trentino DOP si presenta equilibrato, con una dolcezza delicata e una sapidità marcata, accompagnata da una leggera piccantezza che persiste piacevolmente in bocca.",Il sapore si presenta leggermente sapido.
Sapore,102,Amaro leggero,"Il sapore del Grana Trentino DOP si presenta equilibrato, con una dolcezza delicata e una sapidità marcata, accompagnata da una leggera piccantezza che persiste piacevolmente in bocca.",Il sapore presenta una leggera nota amara.
Sapore,105,Saporito tendente all'acido,"Il sapore del Grana Trentino DOP si presenta equilibrato, con una dolcezza delicata e una sapidità marcata, accompagnata da una leggera piccantezza che persiste piacevolmente in bocca.","Il sapore è saporito, con una tendenza verso l'acidità."
Sapore,106,Salato e sapore di crosta,"Il sapore del Grana Trentino DOP si presenta equilibrato, con una dolcezza delicata e una sapidità marcata, accompagnata da una leggera piccantezza che persiste piacevolmente in bocca.","Il sapore è salato, con un evidente rimando al sapore di crosta."
Sapore,107,Sapore di nostrano,"Il sapore del Grana Trentino DOP si presenta equilibrato, con una dolcezza delicata e una sapidità marcata, accompagnata da una leggera piccantezza che persiste piacevolmente in bocca.",Il sapore richiama quello tipico di un formaggio nostrano.
Sapore,108,"Incompleto: no umani, no dolce","Il sapore del Grana Trentino DOP si presenta equilibrato, con una dolcezza delicata e una sapidità marcata, accompagnata da una leggera piccantezza che persiste piacevolmente in bocca.","Il sapore risulta incompleto, privo delle componenti umami e dolce attese."
Sapore,109,Amati e sale evidenti,"Il sapore del Grana Trentino DOP si presenta equilibrato, con una dolcezza delicata e una sapidità marcata, accompagnata da una leggera piccantezza che persiste piacevolmente in bocca.",Il sapore presenta componenti amare e salate evidenti.
Sapore,110,Non dolce,"Il sapore del Grana Trentino DOP si presenta equilibrato, con una dolcezza delicata e una sapidità marcata, accompagnata da una leggera piccantezza che persiste piacevolmente in bocca.",Il sapore non presenta la componente dolce attesa.
Sapore,242,Equilibrato con sapidità,"Il sapore del Grana Trentino DOP si presenta equilibrato, con una dolcezza delicata e una sapidità marcata.","Il sapore si presenta equilibrato, con una sapidità marcata."
Sapore,325,leggermente acido,"Il sapore del Grana Trentino DOP si presenta equilibrato, con una dolcezza delicata e una sapidità marcata, accompagnata da una leggera acidità.",Il sapore presenta una leggera acidità.
Sapore,661,legg dolce,"Il sapore del Grana Trentino DOP si presenta equilibrato, con una dolcezza delicata.",Il sapore presenta una leggera dolcezza.
Sapore,863,"piccante, salato, amaro","Il sapore del Grana Trentino DOP si presenta equilibrato, con una dolcezza delicata e una sapidità marcata, accompagnata da una leggera piccantezza e una nota amarognola.","Il sapore presenta piccantezza, sapidità e una nota amara."
Sapore,1041,dolce;leggermente piccante;umami;,"Il sapore del Grana Trentino DOP si presenta equilibrato, con una dolcezza delicata, una leggera piccantezza e una nota di umami.","Il sapore è dolce, leggermente piccante, con una nota umami."
Sapore,1361,"sapidita prevalente seguita subito dalla docezza, nel complesso abbastanza ecquilibrato","Il sapore del Grana Trentino DOP si presenta equilibrato, con una dolcezza delicata e una sapidità marcata.","Il sapore presenta una sapidità prevalente seguita dalla dolcezza, risultando nel complesso abbastanza equilibrato."
Sapore,1366,leggermente salato e dolce,"Il sapore del Grana Trentino DOP si presenta equilibrato, con una dolcezza delicata e una sapidità marcata.",Il sapore si presenta leggermente salato e con una nota dolce.
Sapore,1368,umami leggermente intenso,"Il sapore del Grana Trentino DOP si presenta equilibrato, con una dolcezza delicata e una sapidità marcata, accompagnata da una leggera piccantezza.",Il sapore presenta una componente umami leggermente intensa.
Spessore della Crosta,2,Pulita,"La crosta del campione presenta uno spessore regolare e scalzo, con angoli ben definiti e una sottocrosta leggermente rugosa, conforme alle attese per la stagionatura del Grana Trentino DOP.",La crosta si presenta di colore chiaro.
Spessore della Crosta,5,Pulita,"La crosta del campione presenta uno spessore regolare e scalzo, con angoli ben definiti e una sottocrosta leggermente rugosa, conforme alle attese per la stagionatura del Grana Trentino DOP.",La crosta si presenta di colore chiaro.
Spessore della Crosta,12,Chiaro,"La crosta del campione presenta uno spessore regolare e scalzo, con angoli ben definiti e una sottocrosta leggermente rugosa, conforme alle attese per la stagionatura del Grana Trentino DOP.",La crosta si presenta di colore chiaro.
Spessore della Crosta,14,Molto chiaro,"La crosta del campione presenta uno spessore regolare e scalzo, con angoli ben definiti e una sottocrosta leggermente rugosa, conforme alle attese per la stagionatura del Grana Trentino DOP.",La crosta si presenta di colore molto chiaro.
Spessore della Crosta,205,12 mm,"La crosta del campione presenta uno spessore regolare e scalzo, con angoli ben definiti e una sottocrosta leggermente rugosa, conforme alle attese per la stagionatura del Grana Trentino DOP.",Lo spessore della crosta e nella norma (12 mm).
Spessore della Crosta,283,1cm,"La crosta del campione presenta uno spessore regolare e scalzo, con angoli ben definiti e una sottocrosta leggermente rugosa, conforme alle attese per la stagionatura del Grana Trentino DOP.",Lo spessore della crosta e nella norma (10 mm).
Spessore della Crosta,322,10 mm,"La crosta del campione presenta uno spessore regolare e scalzo, con angoli ben definiti e una sottocrosta leggermente rugosa, conforme alle attese per la stagionatura del Grana Trentino DOP.",Lo spessore della crosta e nella norma (10 mm).
Spessore della Crosta,336,10 mm,"La crosta del campione presenta uno spessore regolare e scalzo, con angoli ben definiti e una sottocrosta leggermente rugosa, conforme alle attese per la stagionatura del Grana Trentino DOP.",Lo spessore della crosta e nella norma (10 mm).
Spessore della Crosta,361,10 mm,"La crosta del campione presenta uno spessore regolare e scalzo, con angoli ben definiti e una sottocrosta leggermente rugosa, conforme alle attese per la stagionatura del Grana Trentino DOP.",Lo spessore della crosta e nella norma (10 mm).
Spessore della Crosta,388,Sottile,"La crosta del campione presenta uno spessore regolare e scalzo, con angoli ben definiti e una sottocrosta leggermente rugosa, conforme alle attese per la stagionatura del Grana Trentino DOP.",La crosta si presenta sottile.
Spessore della Crosta,429,10 mm,"La crosta del campione presenta uno spessore regolare e scalzo, con angoli ben definiti e una sottocrosta leggermente rugosa, conforme alle attese per la stagionatura del Grana Trentino DOP.",Lo spessore della crosta e nella norma (10 mm).
Spessore della Crosta,435,12 mm,"La crosta del campione presenta uno spessore regolare e scalzo, con angoli ben definiti e una sottocrosta leggermente rugosa, conforme alle attese per la stagionatura del Grana Trentino DOP.",Lo spessore della crosta e nella norma (12 mm).
